CODIGO,DISTRITO,DEPARTAMENTO,MUNICIPIO,ESTABLECIMIENTO,DIRECCION,TELEFONO,SUPERVISOR,DIRECTOR,NIVEL,SECTOR,AREA,STATUS,MODALIDAD,JORNADA,PLAN,DEPARTAMENTAL
07-01-0059-46,07-019,SOLOLA,SOLOLA,"LICEO TECNOLOGICO BILINGUE ""CUAUHTEMALLAN DE SOLOLA""",7 CALLE 3-25 ZONA 1,35923669.0,ESTELA BEN AJCALON DE TUY,MOISES GUARCAX CHIROY,DIVERSIFICADO,PRIVADO,URBANA,ABIERTA,MONOLINGUE,MATUTINA,DIARIO(REGULAR),SOLOLA
07-01-0060-46,07-019,SOLOLA,SOLOLA,"LICEO TECNOLOGICO BILINGUE ""CUAUTHEMALLAN DE SOLOLA""","7 CALLE 3-25 ZONA 1, BARRIO SAN ANTONIO",77621955.0,ESTELA BEN AJCALON DE TUY,ROLANDO COY YAQUI,DIVERSIFICADO,PRIVADO,URBANA,CERRADA TEMPORALMENTE,MONOLINGUE,VESPERTINA,DIARIO(REGULAR),SOLOLA
07-01-0061-46,07-019,SOLOLA,SOLOLA,"LICEO TECNOLOGICO BILINGUE ""CUAUHTEMALLAN DE SOLOLA""","7 CALLE 3-25 ZONA 1, BARRIO SAN ANTONIO",35923669.0,ESTELA BEN AJCALON DE TUY,MOISES GUARCAX CHIROY,DIVERSIFICADO,PRIVADO,URBANA,ABIERTA,MONOLINGUE,DOBLE,DIARIO(REGULAR),SOLOLA
07-01-0096-46,07-019,SOLOLA,SOLOLA,COLEGIO MONTE SION,6A. AVENIDA 8-07 ZONA 2 BARRIO EL CALVARIO,77623832.0,ESTELA BEN AJCALON DE TUY,JOSE DAVID TZAY PUAC,DIVERSIFICADO,PRIVADO,URBANA,ABIERTA,MONOLINGUE,MATUTINA,DIARIO(REGULAR),SOLOLA
07-01-0100-46,07-004,SOLOLA,SOLOLA,INSTITUTO NACIONAL DE EDUCACION DIVERSIFICADA,ALDEA ARGUETA,47394202.0,VICTOR MIGUEL MENCHU MENCHU,-,DIVERSIFICADO,OFICIAL,RURAL,ABIERTA,MONOLINGUE,VESPERTINA,DIARIO(REGULAR),SOLOLA
07-01-0106-46,07-019,SOLOLA,SOLOLA,INSTITUTO NACIONAL DE EDUCACION DIVERSIFICADA,5TA. CALLE 0-37 BARRIO SAN ANTONIO,47583510.0,ESTELA BEN AJCALON DE TUY,PAULINA ESTER GONZALEZ PETZEY,DIVERSIFICADO,OFICIAL,URBANA,ABIERTA,MONOLINGUE,VESPERTINA,DIARIO(REGULAR),SOLOLA
07-01-0121-46,07-004,SOLOLA,SOLOLA,CENTRO EDUCATIVO DE FORMACION PROFESIONAL CEFPRO,"CASERIO COXOM, ALDEA SAN JUAN ARGUETA",59356919.0,VICTOR MIGUEL MENCHU MENCHU,ELIAS MIGUEL ROSALES TAHAY,DIVERSIFICADO,PRIVADO,RURAL,ABIERTA,MONOLINGUE,DOBLE,FIN DE SEMANA,SOLOLA
07-01-0124-46,07-019,SOLOLA,SOLOLA,"LICEO TECNOLOGICO BILINGUE ""CUAUHTEMALLAN DE SOLOLA""",7A. CALLE 3-25 ZONA 1 BARRIO SAN ANTONIO,35923669.0,ESTELA BEN AJCALON DE TUY,MOISES GUARCAX CHIROY,DIVERSIFICADO,PRIVADO,URBANA,ABIERTA,MONOLINGUE,DOBLE,FIN DE SEMANA,SOLOLA
07-01-0144-46,07-019,SOLOLA,SOLOLA,"COLEGIO CIENTIFICO ""MONTESSORI""","9A. CALLE 8-81 ZONA 2, BARRIO EL CALVARIO",77623427.0,ESTELA BEN AJCALON DE TUY,YOVANY ISRAEL ROSALES CORZO,DIVERSIFICADO,PRIVADO,URBANA,ABIERTA,MONOLINGUE,VESPERTINA,DIARIO(REGULAR),SOLOLA
07-01-0152-46,07-003,SOLOLA,SOLOLA,LICEO PROFESIONAL LAS AMERICAS,CASERIO CENTRAL CANTON EL TABLON,77624703.0,VICTOR CHUMIL CHIROY,CAMILIO YAXON COSIGUA,DIVERSIFICADO,PRIVADO,RURAL,ABIERTA,MONOLINGUE,DOBLE,FIN DE SEMANA,SOLOLA
07-01-0158-46,07-002,SOLOLA,SOLOLA,INSTITUTO MIXTO DE EDUCACION DIVERSIFICADA POR COOPERATIVA,"CASERIO CENTRAL, ALDEA PIXABAJ",45684531.0,CARLOS RIGOBERTO POS TUY,DAVID FERNANDO PAZ LPEZ,DIVERSIFICADO,COOPERATIVA,RURAL,ABIERTA,MONOLINGUE,VESPERTINA,DIARIO(REGULAR),SOLOLA
07-01-0162-46,07-004,SOLOLA,SOLOLA,INSTITUTO DE EDUCACION DIVERSIFICADA POR COOPERATIVA CHAQUIJYA,"CASERIO COOPERATIVA, ALDEA CHAQUIJYA",44554930.0,VICTOR MIGUEL MENCHU MENCHU,VICTOR SALOJ YAXON,DIVERSIFICADO,COOPERATIVA,RURAL,ABIERTA,MONOLINGUE,VESPERTINA,DIARIO(REGULAR),SOLOLA
07-01-0164-46,07-019,SOLOLA,SOLOLA,INSTITUTO TECNOLOGICO DE LA UNIVERSIDAD DEL VALLE DE GUATEMALA ALTIPLANO,"KM. 137, CASERIO XOLBE ALDEA EL TABLON",79310814.0,ESTELA BEN AJCALON DE TUY,MISAEL ANTONIO ESQUINA QUINOM,DIVERSIFICADO,PRIVADO,RURAL,ABIERTA,MONOLINGUE,MATUTINA,DIARIO(REGULAR),SOLOLA
07-01-0165-46,07-019,SOLOLA,SOLOLA,ESCUELA EN CIENCIAS DE LA COMPUTACION,"3RA. CALLE 1-30 ZONA 1, BARRIO SAN ANTONIO",77625180.0,ESTELA BEN AJCALON DE TUY,LUIS LEONARDO ARGUETA MOGOLLON,DIVERSIFICADO,PRIVADO,URBANA,ABIERTA,MONOLINGUE,DOBLE,FIN DE SEMANA,SOLOLA
07-01-0166-46,07-019,SOLOLA,SOLOLA,ESCUELA EN CIENCIAS DE LA COMPUTACION,"3RA. CALLE 1-30 ZONA 1, BARRIO SAN ANTONIO",77625180.0,ESTELA BEN AJCALON DE TUY,LUIS LEONARDO ARGUETA MOGOLLON,DIVERSIFICADO,PRIVADO,URBANA,ABIERTA,MONOLINGUE,MATUTINA,DIARIO(REGULAR),SOLOLA
07-01-0171-46,07-003,SOLOLA,SOLOLA,"COLEGIO DE EDUCACION BASICA IMPACTO, EMPODERANDO MUJERES","KM. 137, CASERIO XOLBE, ALDEA EL TABLON",32815153.0,VICTOR CHUMIL CHIROY,VILMA VERONICA SALOJ CHIYAL,DIVERSIFICADO,PRIVADO,RURAL,ABIERTA,MONOLINGUE,MATUTINA,DIARIO(REGULAR),SOLOLA
07-01-0174-46,07-024,SOLOLA,SOLOLA,PROGRAMA NACIONAL DE EDUCACION ALTERNATIVA -PRONEA-,13AV. 3-18 BARRIO EL CARMEN,77289930.0,FREDY EDGAR LEONEL URIZAR RODRIGUEZ,FREDY EDGAR URIZAR RODRIGUEZ,DIVERSIFICADO,OFICIAL,URBANA,ABIERTA,MONOLINGUE,DOBLE,A DISTANCIA,SOLOLA
07-01-0175-46,07-024,SOLOLA,SOLOLA,"""CENTRO DE EDUCACION EXTRAESCOLAR -CEEX-DEPARTAMENTAL""",13 CALLE 3-18 ZONA 1,42168347.0,FREDY EDGAR LEONEL URIZAR RODRIGUEZ,FREDY EDGAR URIZAR RODRIGUEZ,DIVERSIFICADO,OFICIAL,URBANA,ABIERTA,MONOLINGUE,DOBLE,SEMIPRESENCIAL,SOLOLA
07-01-0181-46,07-003,SOLOLA,SOLOLA,"LICEO PROFESIONAL ""LAS AMERICAS""","CASERIO CENTRAL, CANTON EL TABLON",77623985.0,VICTOR CHUMIL CHIROY,CAMILIO YAXON COSIGUA,DIVERSIFICADO,PRIVADO,RURAL,ABIERTA,MONOLINGUE,SIN JORNADA,SEMIPRESENCIAL (UN DIA A LA SEMANA),SOLOLA
07-01-0184-46,07-004,SOLOLA,SOLOLA,CENTRO EDUCATIVO DE FORMACION PROFESIONAL CEFPRO,"CASERIO COXOM, ALDEA SAN JUAN ARGUETA",33007964.0,VICTOR MIGUEL MENCHU MENCHU,ELIAS MIGUEL ROSALES TAHAY,DIVERSIFICADO,PRIVADO,RURAL,ABIERTA,MONOLINGUE,SIN JORNADA,SEMIPRESENCIAL (FIN DE SEMANA),SOLOLA
07-01-0195-46,07-019,SOLOLA,SOLOLA,CENTRO EDUCATIVO INTERCULTURAL PARA EL DESARROLLO COMUNITARIO CEIDECO,5AV. 2-28 ZONA 1 BARRIO SAN ANTONIO,55629690.0,ESTELA BEN AJCALON DE TUY,VILMA JEANNETTE PAR GIRON ALVARADO,DIVERSIFICADO,PRIVADO,URBANA,ABIERTA,MONOLINGUE,SIN JORNADA,SEMIPRESENCIAL (FIN DE SEMANA),SOLOLA
07-01-0198-46,07-019,SOLOLA,SOLOLA,"INSTITUTO PRIVADO URBANO MIXTO ""SOLOLA""",6TA. AVENIDA 6-37 BARRIO EL CALVARIO ZONA 2,77623103.0,ESTELA BEN AJCALON DE TUY,CARLOS VENANCIO MELETZ TOC,DIVERSIFICADO,PRIVADO,URBANA,ABIERTA,MONOLINGUE,SIN JORNADA,SEMIPRESENCIAL (UN DIA A LA SEMANA),SOLOLA
07-01-0200-46,07-019,SOLOLA,SOLOLA,CENTRO EDUCATIVO DE FORMACION TECNICA -CEFTEC-,"6 AVENIDA 13-60 ZONA 1, BARRIO EL CARMEN",58255240.0,ESTELA BEN AJCALON DE TUY,ISRAEL CHOCOJ YAC,DIVERSIFICADO,PRIVADO,URBANA,ABIERTA,MONOLINGUE,SIN JORNADA,SEMIPRESENCIAL (UN DIA A LA SEMANA),SOLOLA
07-01-0499-46,07-019,SOLOLA,SOLOLA,ESCUELA NACIONAL DE CIENCIAS COMERCIALES,13 CALLE Y 5A AVE. ESQUINA ZONA 1,77624233.0,ESTELA BEN AJCALON DE TUY,RAMIRO PANJOJ BULUX,DIVERSIFICADO,OFICIAL,URBANA,ABIERTA,MONOLINGUE,VESPERTINA,DIARIO(REGULAR),SOLOLA
07-01-0500-46,07-019,SOLOLA,SOLOLA,ESCUELA NORMAL PRIVADA,13 CALLE FINAL ZONA 1 COLONIA MIRALINDA,77624433.0,ESTELA BEN AJCALON DE TUY,JORGE MARIO ZELADA SANCHEZ,DIVERSIFICADO,PRIVADO,URBANA,ABIERTA,MONOLINGUE,VESPERTINA,DIARIO(REGULAR),SOLOLA
07-01-0577-46,07-019,SOLOLA,SOLOLA,COLEGIO INTEGRAL SOLOLATECO,"6TA. AVENIDA 6-37 ZONA 2, BARRIO EL CALVARIO",77623709.0,ESTELA BEN AJCALON DE TUY,ELSA JEANETT SANCHEZ SOTO,DIVERSIFICADO,PRIVADO,URBANA,ABIERTA,BILINGUE,VESPERTINA,DIARIO(REGULAR),SOLOLA
07-01-0691-46,07-019,SOLOLA,SOLOLA,"COLEGIO PRIVADO URBANO PARA VARONES ""ATITLAN""",13 CALLE 03-19 ZONA 1 BARRIO EL CARMEN,77623319.0,ESTELA BEN AJCALON DE TUY,FRANCISCO ROLANDO ALVARADO RECINOS,DIVERSIFICADO,PRIVADO,URBANA,ABIERTA,MONOLINGUE,VESPERTINA,DIARIO(REGULAR),SOLOLA
07-01-0693-46,07-004,SOLOLA,SOLOLA,"INSTITUTO DE CIENCIAS COMERCIALES POR COOPERATIVA RURAL MIXTO ""SAN JUAN BAUTISTA""",ALDEA SAN JUAN ARGUETA,40579014.0,VICTOR MIGUEL MENCHU MENCHU,WILMER GABRIEL MENCHU AJPACAJA,DIVERSIFICADO,COOPERATIVA,RURAL,ABIERTA,BILINGUE,VESPERTINA,DIARIO(REGULAR),SOLOLA
07-01-2483-46,07-019,SOLOLA,SOLOLA,ESCUELA EN CIENCIAS DE LA COMPUTACION,"3A. CALLE 1-30 ZONA 1, BARRIO SAN ANTONIO",58343319.0,ESTELA BEN AJCALON DE TUY,,DIVERSIFICADO,PRIVADO,URBANA,ABIERTA,MONOLINGUE,DOBLE,DIARIO(REGULAR),SOLOLA
07-01-2568-46,07-019,SOLOLA,SOLOLA,COLEGIO MONTE SION,6A. AVENIDA 8-07 ZONA 2 BARRIO EL CALVARIO,77623832.0,ESTELA BEN AJCALON DE TUY,JOSE DAVID TZAY PUAC,DIVERSIFICADO,PRIVADO,URBANA,ABIERTA,MONOLINGUE,VESPERTINA,DIARIO(REGULAR),SOLOLA
07-01-2702-46,07-003,SOLOLA,SOLOLA,CENTRO EDUCATIVO COMUNITARIO MAYA TIJOB Ã„L TZ OLOJYA,"CASERIO CENTRAL, ALDEA EL TABLON",77624283.0,VICTOR CHUMIL CHIROY,SANTIAGO PANJOJ TUY,DIVERSIFICADO,PRIVADO,RURAL,ABIERTA,BILINGUE,VESPERTINA,DIARIO(REGULAR),SOLOLA
07-01-2737-46,07-019,SOLOLA,SOLOLA,ESCUELA DE FORMACION AGRICOLA,CASERIO MOLINO BELEN,33048676.0,ESTELA BEN AJCALON DE TUY,,DIVERSIFICADO,OFICIAL,RURAL,CERRADA TEMPORALMENTE,BILINGUE,DOBLE,DIARIO(REGULAR),SOLOLA
07-01-2767-46,07-019,SOLOLA,SOLOLA,ESCUELA NORMAL DE EDUCACION FISICA,"5TA. AVENIDA 2-28 ZONA 1, BARRIO SAN ANTONIO",77625207.0,ESTELA BEN AJCALON DE TUY,JUANA NICOLASA TZORIN ORDONEZ,DIVERSIFICADO,OFICIAL,URBANA,ABIERTA,MONOLINGUE,DOBLE,DIARIO(REGULAR),SOLOLA
07-01-2768-46,07-019,SOLOLA,SOLOLA,INSTITUTO TECNOLOGICO DE LA UNIVERSIDAD DEL VALLE DE GUATEMALA ALTIPLANO,"KM. 137, CASERIO XOLBE ALDEA EL TABLON",79310814.0,ESTELA BEN AJCALON DE TUY,MISAEL ANTONIO ESQUINA QUINOM,DIVERSIFICADO,PRIVADO,RURAL,ABIERTA,MONOLINGUE,DOBLE,DIARIO(REGULAR),SOLOLA
07-01-2807-46,07-019,SOLOLA,SOLOLA,"LICEO MIXTO PRIVADO ""SOLOLA""",13 CALLE ENTRE 4 Y 5 CALLE ZONA 1 BARRIO EL CARMEN,55752442.0,ESTELA BEN AJCALON DE TUY,,DIVERSIFICADO,PRIVADO,URBANA,CERRADA TEMPORALMENTE,MONOLINGUE,VESPERTINA,DIARIO(REGULAR),SOLOLA
07-01-2837-46,07-019,SOLOLA,SOLOLA,ESCUELA PRIVADA DE CIENCIAS COMERCIALES,7A. AV. Y 11 CALLE ZONA 1,77623034.0,ESTELA BEN AJCALON DE TUY,,DIVERSIFICADO,PRIVADO,URBANA,CERRADA TEMPORALMENTE,MONOLINGUE,NOCTURNA,DIARIO(REGULAR),SOLOLA
07-02-0006-46,07-005,SOLOLA,SAN JOSE CHACAYA,INSTITUTO NACIONAL DE EDUCACION DIVERSIFICADA,"ZONA 0, SECTOR CENTRO",50905091.0,JUSTO SANTIAGO PONCIO PU,ZOILA ELIZABETH CUA AJU,DIVERSIFICADO,OFICIAL,URBANA,ABIERTA,MONOLINGUE,MATUTINA,DIARIO(REGULAR),SOLOLA
07-03-0002-46,07-014,SOLOLA,SANTA MARIA VISITACION,INSTITUTO NACIONAL DE EDUCACION DIVERSIFICADA,SECTOR SUR,41787615.0,MAGDALENA SOSA TZOC DE TUJ,GLADIS NOHEMI MORENO GOMEZ,DIVERSIFICADO,OFICIAL,URBANA,ABIERTA,MONOLINGUE,VESPERTINA,DIARIO(REGULAR),SOLOLA
07-03-0008-46,07-014,SOLOLA,SANTA MARIA VISITACION,INSTITUTO TECNICO CIENTIFICO INTERCULTURAL -ITECI-,SANTA MARIA VISITACION,58542494.0,MAGDALENA SOSA TZOC DE TUJ,MARLENY SARAI PUAC DIONISIO DE CHAVEZ,DIVERSIFICADO,OFICIAL,URBANA,ABIERTA,MONOLINGUE,MATUTINA,DIARIO(REGULAR),SOLOLA
07-03-0558-46,07-014,SOLOLA,SANTA MARIA VISITACION,INSTITUTO PRIVADO LA SALLE,.,79271884.0,MAGDALENA SOSA TZOC DE TUJ,-,DIVERSIFICADO,PRIVADO,URBANA,CERRADA TEMPORALMENTE,MONOLINGUE,DOBLE,DIARIO(REGULAR),SOLOLA
07-03-2928-46,07-014,SOLOLA,SANTA MARIA VISITACION,CENTRO EDUCATIVO COMUNITARIO INTERCULTURAL POR MADUREZ CECIM,EDIFICIO DEL INSTITUTO LA SALLE ENTRADA PRINCIPAL,57274128.0,MAGDALENA SOSA TZOC DE TUJ,VICTOR QUICHE AJCHE,DIVERSIFICADO,PRIVADO,URBANA,ABIERTA,MONOLINGUE,DOBLE,FIN DE SEMANA,SOLOLA
07-04-0008-46,07-006,SOLOLA,SANTA LUCIA UTATLAN,COLEGIO PRIVADO DR. JORGE ROMERO IMERY,"BARRIO ""EL ROSARIO""",77221518.0,ARCADIA PATRICIA SAQUIC YAC DE YAC,MARCOS JOSUE AQUINO NORIEGA,DIVERSIFICADO,PRIVADO,URBANA,ABIERTA,MONOLINGUE,MATUTINA,DIARIO(REGULAR),SOLOLA
07-04-0009-46,07-006,SOLOLA,SANTA LUCIA UTATLAN,"INSTITUTO PRIVADO DE EDUCACION DIVERSIFICADA ""CONOCIMIENTO Y VERDAD""",2DA. CALLE 1-12 ZONA 1,77221533.0,ARCADIA PATRICIA SAQUIC YAC DE YAC,HECTOR TIMOTEO CHAVES Y CHAVEZ,DIVERSIFICADO,PRIVADO,URBANA,CERRADA TEMPORALMENTE,MONOLINGUE,VESPERTINA,DIARIO(REGULAR),SOLOLA
07-04-0023-46,07-006,SOLOLA,SANTA LUCIA UTATLAN,INSTITUTO NACIONAL DE EDUCACION DIVERSIFICADA,SANTA LUCIA UTATLAN,45743435.0,ARCADIA PATRICIA SAQUIC YAC DE YAC,JAVIER MAXIMO ALVA NOJ,DIVERSIFICADO,OFICIAL,URBANA,ABIERTA,MONOLINGUE,MATUTINA,DIARIO(REGULAR),SOLOLA
07-04-0038-46,07-006,SOLOLA,SANTA LUCIA UTATLAN,"INSTITUTO PRIVADO DE EDUCACION DIVERSIFICADA ""CONOCIMIENTO Y VERDAD""",2DA. CALLE 1-12 ZONA 1,77221533.0,ARCADIA PATRICIA SAQUIC YAC DE YAC,HECTOR TIMOTEO CHAVEZ Y CHAVEZ,DIVERSIFICADO,PRIVADO,URBANA,CERRADA TEMPORALMENTE,MONOLINGUE,DOBLE,FIN DE SEMANA,SOLOLA
07-04-0041-46,07-006,SOLOLA,SANTA LUCIA UTATLAN,ESCUELA NORMAL REGIONAL DE OCCIDENTE,"PARCELAMIENTO EL MOLINO SAN PEDRO, CANTON CHUCHEXIC",78234597.0,ARCADIA PATRICIA SAQUIC YAC DE YAC,ENRIQUE RAFAEL CHIYAL TO,DIVERSIFICADO,OFICIAL,RURAL,ABIERTA,MONOLINGUE,MATUTINA,DIARIO(REGULAR),SOLOLA
07-04-0042-46,07-006,SOLOLA,SANTA LUCIA UTATLAN,ESCUELA NORMAL REGIONAL DE OCCIDENTE,"CANTON CHUCHEXIC, PARCELAMIENTO EL MOLINO SAN PEDRO",78234597.0,ARCADIA PATRICIA SAQUIC YAC DE YAC,ARNOLDO SAQUEO CHAVEZ XITAMUL,DIVERSIFICADO,OFICIAL,RURAL,ABIERTA,MONOLINGUE,DOBLE,DIARIO(REGULAR),SOLOLA
07-04-0091-46,07-006,SOLOLA,SANTA LUCIA UTATLAN,ESCUELA NORMAL REGIONAL DE OCCIDENTE,CANTON CHUCHEXIC PARCELAMIENTO EL MOLINO SAN PEDRO,78234597.0,ARCADIA PATRICIA SAQUIC YAC DE YAC,,DIVERSIFICADO,OFICIAL,RURAL,ABIERTA,BILINGUE,DOBLE,DIARIO(REGULAR),SOLOLA
07-04-2766-46,07-006,SOLOLA,SANTA LUCIA UTATLAN,ESCUELA NORMAL INFANTIL BILINGUE ADSCRITA A LA NORMAL REGIONAL DE OCCIDENTE ENRO,FINCA MOLINO SAN PEDRO,78234597.0,ARCADIA PATRICIA SAQUIC YAC DE YAC,,DIVERSIFICADO,OFICIAL,RURAL,ABIERTA,BILINGUE,DOBLE,DIARIO(REGULAR),SOLOLA
07-04-3030-46,07-006,SOLOLA,SANTA LUCIA UTATLAN,COLEGIO PRIVADO DR. JORGE ROMERO IMERY,"BARRIO ""EL ROSARIO""",77221518.0,ARCADIA PATRICIA SAQUIC YAC DE YAC,MARCOS JOSUE AQUINO NORIEGA,DIVERSIFICADO,PRIVADO,URBANA,ABIERTA,MONOLINGUE,VESPERTINA,DIARIO(REGULAR),SOLOLA
07-04-3031-46,07-006,SOLOLA,SANTA LUCIA UTATLAN,COLEGIO PRIVADO DR.JORGE ROMERO IMERY,,58784198.0,ARCADIA PATRICIA SAQUIC YAC DE YAC,,DIVERSIFICADO,PRIVADO,URBANA,CERRADA TEMPORALMENTE,MONOLINGUE,DOBLE,SABATINO,SOLOLA
07-04-3085-46,07-006,SOLOLA,SANTA LUCIA UTATLAN,COLEGIO Q UMARKAJ,"PARAJE CRUZ B, CANTON PAHAJ",41011018.0,ARCADIA PATRICIA SAQUIC YAC DE YAC,,DIVERSIFICADO,PRIVADO,RURAL,ABIERTA,MONOLINGUE,VESPERTINA,DIARIO(REGULAR),SOLOLA
07-05-0053-46,07-007,SOLOLA,NAHUALA,INSTITUTO NACIONAL DE EDUCACION DIVERSIFICADA,1RA. AVENIDA A-062 ZONA 3,30694648.0,DAVID FERNANDO PAZ LOPEZ,EDWIN ANTONIO IXMATA COCOM,DIVERSIFICADO,OFICIAL,URBANA,ABIERTA,MONOLINGUE,VESPERTINA,DIARIO(REGULAR),SOLOLA
07-05-0204-46,07-007,SOLOLA,NAHUALA,"INSTITUTO COMUNITARIO DE CIENCIAS COMERCIALES ""EL ALTIPLANO""",CASERIO CHUANAHUALA,52803917.0,DAVID FERNANDO PAZ LOPEZ,DIEGO VICTOR JAMINEZ TUM,DIVERSIFICADO,PRIVADO,RURAL,ABIERTA,MONOLINGUE,MATUTINA,DIARIO(REGULAR),SOLOLA
07-05-0208-46,07-007,SOLOLA,NAHUALA,INSTITUTO DE EDUCACION DIVERSIFICADA POR COOPERATIVA DE ENSENANZA,ALDEA PACHUTIQUIM,50449399.0,DAVID FERNANDO PAZ LOPEZ,ANTONIO ESTEBAN CHOX IXMATA,DIVERSIFICADO,COOPERATIVA,RURAL,ABIERTA,MONOLINGUE,VESPERTINA,DIARIO(REGULAR),SOLOLA
07-05-0210-46,07-007,SOLOLA,NAHUALA,"INSTITUTO MIXTO DE EDUCACION DIVERSIFICADA POR COOPERATIVA ""MAYA NA OJ""",CANTON CHIQUIX,30062219.0,DAVID FERNANDO PAZ LOPEZ,FELIPE TAMBRIZ TAMBRIZ,DIVERSIFICADO,COOPERATIVA,RURAL,ABIERTA,MONOLINGUE,MATUTINA,DIARIO(REGULAR),SOLOLA
07-05-0271-46,07-009,SOLOLA,NAHUALA,"CENTRO EDUCATIVO ""SANTIAGO DE LA ASUNCION"" FE Y ALEGRIA NO. 51",ALDEA XEJUYUP,30331256.0,MANUEL CHOVON GUACHIAC,MIGUEL SAC CHOX,DIVERSIFICADO,PRIVADO,RURAL,ABIERTA,MONOLINGUE,VESPERTINA,DIARIO(REGULAR),SOLOLA
07-05-2019-46,07-007,SOLOLA,NAHUALA,INSTITUTO MIXTO OXLAJUJ NOJ,CASERIO CHUANAHUALA,53315919.0,DAVID FERNANDO PAZ LOPEZ,MANUEL ESQUIPULAS TZOC IXMATA,DIVERSIFICADO,PRIVADO,URBANA,ABIERTA,BILINGUE,VESPERTINA,DIARIO(REGULAR),SOLOLA
07-05-2022-46,07-007,SOLOLA,NAHUALA,INSTITUTO COMUNITARIO DE CIENCIAS COMERCIALES EL ALTIPLANO,NAHUALA,52803917.0,DAVID FERNANDO PAZ LOPEZ,,DIVERSIFICADO,PRIVADO,URBANA,ABIERTA,MONOLINGUE,VESPERTINA,DIARIO(REGULAR),SOLOLA
07-06-0036-46,07-008,SOLOLA,SANTA CATARINA IXTAHUACAN,INSTITUTO NACIONAL DE EDUCACION DIVERSIFICADA,BARRIO EL CALVARIO,48873442.0,MAXIMILIANO LOPEZ CRISTOBAL,-,DIVERSIFICADO,OFICIAL,URBANA,ABIERTA,MONOLINGUE,MATUTINA,DIARIO(REGULAR),SOLOLA
07-06-0038-46,07-010,SOLOLA,SANTA CATARINA IXTAHUACAN,INSTITUTO NACIONAL DE EDUCACION DIVERSIFICADA,ALDEA GUINEALES,55077505.0,MANUEL IXTOS MAS,MARIA ANTONIETA AJPACAJA GARCIA,DIVERSIFICADO,OFICIAL,RURAL,CERRADA TEMPORALMENTE,MONOLINGUE,VESPERTINA,DIARIO(REGULAR),SOLOLA
07-06-0084-46,07-008,SOLOLA,SANTA CATARINA IXTAHUACAN,"ESCUELA NACIONAL DE CIENCIAS COMERCIALES ""DR. JUAN JOSE AREVALO BERMEJO""",ALDEA CHIRIJOX,33239433.0,MAXIMILIANO LOPEZ CRISTOBAL,PATRICIA TAMBRIZ Y TAMBRIZ,DIVERSIFICADO,OFICIAL,RURAL,ABIERTA,MONOLINGUE,VESPERTINA,DIARIO(REGULAR),SOLOLA
07-06-0093-46,07-009,SOLOLA,SANTA CATARINA IXTAHUACAN,"INSTITUTO MIXTO DE EDUCACION DIVERSIFICADA POR COOPERATIVA ""LA PAZ""",CASERIO PASAQUIJUYUP,49525467.0,MANUEL CHOVON GUACHIAC,MANUEL GUARCHAJ TZAPUT,DIVERSIFICADO,COOPERATIVA,RURAL,ABIERTA,MONOLINGUE,VESPERTINA,DIARIO(REGULAR),SOLOLA
07-06-0094-46,07-008,SOLOLA,SANTA CATARINA IXTAHUACAN,INSTITUTO MIXTO DE EDUCACION DIVERSIFICADA POR COOPERATIVA,CASERIO XEABAJ I,53238342.0,MAXIMILIANO LOPEZ CRISTOBAL,CRISTOBAL TZEP MAS,DIVERSIFICADO,COOPERATIVA,RURAL,ABIERTA,MONOLINGUE,VESPERTINA,DIARIO(REGULAR),SOLOLA
07-06-0098-46,07-018,SOLOLA,SANTA CATARINA IXTAHUACAN,"INSTITUTO NACIONAL DE EDUCACION DIVERSIFICADA ""DON PASCUAL TAMBRIZ TZEP""",ALDEA LA CEIBA,41044714.0,IDELFONSO JERONIMO AMBROCIO TAMBRIZ,CAFFERY SUSSETTE CARRILLO TZEP,DIVERSIFICADO,OFICIAL,RURAL,ABIERTA,MONOLINGUE,VESPERTINA,DIARIO(REGULAR),SOLOLA
07-06-0099-46,07-008,SOLOLA,SANTA CATARINA IXTAHUACAN,INSTITUTO DIVERSIFICADO NORMAL MIXTO POR COOPERATIVA K AK AQ AB AL,ANTIGUA SANTA CATARINA IXTAHUACAN,41745441.0,MAXIMILIANO LOPEZ CRISTOBAL,JUAN ROBERTO AJPACAJA GUACHIAC,DIVERSIFICADO,COOPERATIVA,RURAL,ABIERTA,MONOLINGUE,VESPERTINA,DIARIO(REGULAR),SOLOLA
07-06-0101-46,07-018,SOLOLA,SANTA CATARINA IXTAHUACAN,"INSTITUTO NACIONAL DE EDUCACION DIVERSIFICADA ""DON PASCUAL TAMBRIZ TZEP""",ALDEA LA CEIBA,41044714.0,IDELFONSO JERONIMO AMBROCIO TAMBRIZ,CAFFERY SUSSETTE CARRILLO TZEP,DIVERSIFICADO,OFICIAL,RURAL,ABIERTA,BILINGUE,VESPERTINA,DIARIO(REGULAR),SOLOLA
07-06-0584-46,07-008,SOLOLA,SANTA CATARINA IXTAHUACAN,INSTITUTO COMUNITARIO PARAISO MAYA,BARRIO CALVARIO,30652376.0,MAXIMILIANO LOPEZ CRISTOBAL,,DIVERSIFICADO,PRIVADO,URBANA,ABIERTA,BILINGUE,VESPERTINA,DIARIO(REGULAR),SOLOLA
07-07-0013-46,07-016,SOLOLA,SANTA CLARA LA LAGUNA,INSTITUTO NACIONAL DE EDUCACION DIVERSIFICADA,ESCUELA OFICIAL URBANA MIXTA NO. 2,51295695.0,ENRIQUE RAFAEL CHIYAL TO,LUIS ISRAEL QUICHE CUMPAR,DIVERSIFICADO,OFICIAL,URBANA,ABIERTA,MONOLINGUE,VESPERTINA,DIARIO(REGULAR),SOLOLA
07-07-0018-46,07-016,SOLOLA,SANTA CLARA LA LAGUNA,CENTRO EDUCATIVO COMUNITARIO (CEDCOM),"2A, AVENIDA 6-24 ZONA 1",79272004.0,ENRIQUE RAFAEL CHIYAL TO,FRANCISCO ROBERTO RAMIREZ IXMATA,DIVERSIFICADO,PRIVADO,URBANA,ABIERTA,MONOLINGUE,VESPERTINA,DIARIO(REGULAR),SOLOLA
07-07-0022-46,07-016,SOLOLA,SANTA CLARA LA LAGUNA,CENTRO EDUCATIVO DE FORMACION INTEGRAL SANTA CLARA -CEFISAC-,BARRIO SAN ANTONIO,51183129.0,ENRIQUE RAFAEL CHIYAL TO,JUAN SAC TUJ,DIVERSIFICADO,PRIVADO,URBANA,ABIERTA,MONOLINGUE,DOBLE,FIN DE SEMANA,SOLOLA
07-07-0024-46,07-016,SOLOLA,SANTA CLARA LA LAGUNA,CENTRO EDUCATIVO DE FORMACION INTEGRAL SANTA CLARA -CEFISAC-,BARRIO SAN ANTONIO,51183129.0,ENRIQUE RAFAEL CHIYAL TO,ISRAEL CHOCOJ YAC,DIVERSIFICADO,PRIVADO,URBANA,CERRADA TEMPORALMENTE,MONOLINGUE,DOBLE,DOMINICAL,SOLOLA
07-09-0010-46,07-017,SOLOLA,SAN ANDRES SEMETABAJ,INED INSTITUTO NACIONAL DE EDUCACION DIVERSIFICADA,BARRIO EL CENTRO,56956354.0,JUAN UJPAN RODENO,REINALDO PEDRO TACAN XAMBA,DIVERSIFICADO,OFICIAL,URBANA,ABIERTA,BILINGUE,VESPERTINA,DIARIO(REGULAR),SOLOLA
07-09-0023-46,07-017,SOLOLA,SAN ANDRES SEMETABAJ,INSTITUTO MIXTO DE EDUCACION DIVERSIFICADA POR COOPERATIVA,ALDEA GODINEZ,53243719.0,JUAN UJPAN RODENO,KARINA YAMILETH MALDONADO MURAKAWA,DIVERSIFICADO,COOPERATIVA,RURAL,ABIERTA,MONOLINGUE,VESPERTINA,DIARIO(REGULAR),SOLOLA
07-09-0024-46,07-017,SOLOLA,SAN ANDRES SEMETABAJ,"ESCUELA NORMAL BILINGUE PRIVADA MIXTA ""KIKOTEN""",BARRIO TZANJUYU,77221854.0,JUAN UJPAN RODENO,IMELDA JANETH BALA UMUL,DIVERSIFICADO,PRIVADO,URBANA,CERRADA TEMPORALMENTE,BILINGUE,VESPERTINA,DIARIO(REGULAR),SOLOLA
07-09-0025-46,07-017,SOLOLA,SAN ANDRES SEMETABAJ,"ESCUELA NORMAL BILINGUE PRIVADA MIXTA ""KIKOTEN""",BARRIO TZANJUYU,77621854.0,JUAN UJPAN RODENO,IMELDA JANETH BALA UMUL,DIVERSIFICADO,PRIVADO,URBANA,CERRADA TEMPORALMENTE,MONOLINGUE,VESPERTINA,DIARIO(REGULAR),SOLOLA
07-09-0570-46,07-017,SOLOLA,SAN ANDRES SEMETABAJ,INSTITUTO INDIGENA 'NUESTRA SENORA DEL SOCORRO',BARRIO EL CENTRO,77221822.0,JUAN UJPAN RODENO,NELY MELINA LOPEZ RAXTUN,DIVERSIFICADO,PRIVADO,URBANA,ABIERTA,MONOLINGUE,DOBLE,DIARIO(REGULAR),SOLOLA
07-10-0001-46,07-011,SOLOLA,PANAJACHEL,"LICEO EVANGELICO ""EBEN-EZER""",0 CALLE 0-22 ZONA 1,77621715.0,PORFIRIO GEREMIAS PAR CHAVAJAY,MILDRED REBECA HERNANDEZ CHAVEZ,DIVERSIFICADO,PRIVADO,URBANA,ABIERTA,MONOLINGUE,MATUTINA,DIARIO(REGULAR),SOLOLA
07-10-0003-46,07-011,SOLOLA,PANAJACHEL,COLEGIO MIXTO JUAN PABLO II,CALLE DE LOS ARBOLES,77620346.0,PORFIRIO GEREMIAS PAR CHAVAJAY,LUCIA EUGENIA XON CORADO,DIVERSIFICADO,PRIVADO,URBANA,CERRADA TEMPORALMENTE,MONOLINGUE,MATUTINA,DIARIO(REGULAR),SOLOLA
07-10-0007-46,07-011,SOLOLA,PANAJACHEL,INSTITUTO NACIONAL DE EDUCACION DIVERSIFICADA,0 AVENIDA 3-03 ZONA 4,77621417.0,PORFIRIO GEREMIAS PAR CHAVAJAY,LCDA. NANCY GABRIELA YOXON CUMES,DIVERSIFICADO,OFICIAL,RURAL,ABIERTA,MONOLINGUE,VESPERTINA,DIARIO(REGULAR),SOLOLA
07-10-0031-46,07-011,SOLOLA,PANAJACHEL,COLEGIO PRIVADO TECHNICIENCIA DEL LAGO,CALLE PRINCIPAL 0-72 ZONA 2,77620035.0,PORFIRIO GEREMIAS PAR CHAVAJAY,OLGA YESENIA ROSALES ORDONEZ DE PAR,DIVERSIFICADO,PRIVADO,URBANA,ABIERTA,MONOLINGUE,DOBLE,DIARIO(REGULAR),SOLOLA
07-10-0032-46,07-011,SOLOLA,PANAJACHEL,"LICEO EVANGELICO ""EBEN-EZER""",0 CALLE 0-22 ZONA 1,77622043.0,PORFIRIO GEREMIAS PAR CHAVAJAY,MILDRED REBECA HERNANDEZ CHAVEZ,DIVERSIFICADO,PRIVADO,URBANA,ABIERTA,MONOLINGUE,DOBLE,DIARIO(REGULAR),SOLOLA
07-10-0035-46,07-011,SOLOLA,PANAJACHEL,LICEO DEL LAGO,"4TA. CALLE 3-68, ZONA 2",77620631.0,PORFIRIO GEREMIAS PAR CHAVAJAY,SONIA MARITZA ANLEU PEREZ DE CALDERON,DIVERSIFICADO,PRIVADO,URBANA,CERRADA TEMPORALMENTE,MONOLINGUE,VESPERTINA,DIARIO(REGULAR),SOLOLA
07-10-0036-46,07-011,SOLOLA,PANAJACHEL,LICEO DEL LAGO,"4TA. CALLE 3-68, ZONA 2",77620631.0,PORFIRIO GEREMIAS PAR CHAVAJAY,SONIA MARITZA ANLEU PEREZ DE CALDERON,DIVERSIFICADO,PRIVADO,URBANA,CERRADA TEMPORALMENTE,MONOLINGUE,MATUTINA,DIARIO(REGULAR),SOLOLA
07-10-0037-46,07-011,SOLOLA,PANAJACHEL,PANAJACHEL COLEGIO INTERNACIONAL,2DA. AVENIDA (VP) 4-33 ZONA 1,36179676.0,PORFIRIO GEREMIAS PAR CHAVAJAY,ABNER ISAIAS SAMINES QUECHE,DIVERSIFICADO,PRIVADO,URBANA,ABIERTA,MONOLINGUE,MATUTINA,DIARIO(REGULAR),SOLOLA
07-10-0038-46,07-011,SOLOLA,PANAJACHEL,COLEGIO MIXTO LICEO PANAJACHEL,"CALLE PRINCIPAL FRENTE AL PARQUE MUNICIPAL, ZONA 01",55693589.0,PORFIRIO GEREMIAS PAR CHAVAJAY,JUANA XON XON,DIVERSIFICADO,PRIVADO,URBANA,ABIERTA,MONOLINGUE,DOBLE,FIN DE SEMANA,SOLOLA
07-10-0041-46,07-011,SOLOLA,PANAJACHEL,INSTITUTO NACIONAL DE EDUCACION DIVERSIFICADA,0 AVENIDA 3-03 ZONA 4,77621417.0,PORFIRIO GEREMIAS PAR CHAVAJAY,NANCY GABRIELA YOXON CUMES,DIVERSIFICADO,OFICIAL,URBANA,ABIERTA,MONOLINGUE,DOBLE,DIARIO(REGULAR),SOLOLA
07-10-0043-46,07-011,SOLOLA,PANAJACHEL,COLEGIO POR MADUREZ TIJAX,CALLE PRINCIPAL ZONA 1,55693589.0,PORFIRIO GEREMIAS PAR CHAVAJAY,JUANA XON XON,DIVERSIFICADO,PRIVADO,URBANA,ABIERTA,MONOLINGUE,SIN JORNADA,SEMIPRESENCIAL (UN DIA A LA SEMANA),SOLOLA
07-10-0701-46,07-011,SOLOLA,PANAJACHEL,COLEGIO SAN FRANCISCO,2A. AVENIDA (V.P.) 1-43 ZONA 1,77626164.0,PORFIRIO GEREMIAS PAR CHAVAJAY,DIEGO FRANCISCO COSME RECINOS,DIVERSIFICADO,PRIVADO,URBANA,ABIERTA,MONOLINGUE,MATUTINA,DIARIO(REGULAR),SOLOLA
07-10-2418-46,07-011,SOLOLA,PANAJACHEL,"LICEO URRUTIA CEEP, CENTRO EDUCATIVO EXPERIMENTAL Y PROFESIONAL",1A. CALLE 0-45 ZONA 1,40527345.0,PORFIRIO GEREMIAS PAR CHAVAJAY,ELENA PATRICIA ORELLANA URRUTIA,DIVERSIFICADO,PRIVADO,URBANA,ABIERTA,MONOLINGUE,MATUTINA,DIARIO(REGULAR),SOLOLA
07-10-2419-46,07-011,SOLOLA,PANAJACHEL,"LICEO URRUTIA CEEP, CENTRO EDUCATIVO EXPERIMENTAL Y PROFESIONAL",1A. CALLE 0-45 ZONA 1,40527345.0,PORFIRIO GEREMIAS PAR CHAVAJAY,ELENA PATRICIA ORELLANA URRUTIA,DIVERSIFICADO,PRIVADO,URBANA,ABIERTA,MONOLINGUE,VESPERTINA,DIARIO(REGULAR),SOLOLA
07-10-2484-46,07-011,SOLOLA,PANAJACHEL,COLEGIO PRIVADO TECHNICIENCIA DEL LAGO,CALLE PRINCIPAL 0-72 ZONA 2,77620035.0,PORFIRIO GEREMIAS PAR CHAVAJAY,OLGA YESENIA ROSALES ORDONEZ,DIVERSIFICADO,PRIVADO,URBANA,ABIERTA,MONOLINGUE,VESPERTINA,DIARIO(REGULAR),SOLOLA
07-10-3037-46,07-011,SOLOLA,PANAJACHEL,COLEGIO MIXTO LICEO PANAJACHEL,,55693589.0,PORFIRIO GEREMIAS PAR CHAVAJAY,,DIVERSIFICADO,PRIVADO,URBANA,ABIERTA,MONOLINGUE,MATUTINA,DOMINICAL,SOLOLA
07-10-3038-46,07-011,SOLOLA,PANAJACHEL,COLEGIO MIXTO JUAN PABLO II,CALLE DE LOS ARBOLES,77620346.0,PORFIRIO GEREMIAS PAR CHAVAJAY,LUCIA EUGENIA XON CORADO,DIVERSIFICADO,PRIVADO,URBANA,ABIERTA,MONOLINGUE,MATUTINA,DIARIO(REGULAR),SOLOLA
07-10-3075-46,07-011,SOLOLA,PANAJACHEL,COLEGIO ACADEMIA MULTICULTURAL ATITLAN,1A. AVENIDA 0-68 ZONA 2,77620490.0,PORFIRIO GEREMIAS PAR CHAVAJAY,LUCIA EUGENIA XON CORADO,DIVERSIFICADO,PRIVADO,URBANA,ABIERTA,MONOLINGUE,VESPERTINA,DIARIO(REGULAR),SOLOLA
07-12-0007-46,07-023,SOLOLA,SAN ANTONIO PALOPO,INSTITUTO NACIONAL DE EDUCACION DIVERSIFICADA-INED-,ALDEA AGUA ESCONDIDA,31869860.0,EDWIN WILFREDO AJCALON YAXON,ALEX NEHEMIAS SACUJ MORALES,DIVERSIFICADO,OFICIAL,RURAL,ABIERTA,MONOLINGUE,VESPERTINA,DIARIO(REGULAR),SOLOLA
07-13-0016-46,07-030,SOLOLA,SAN LUCAS TOLIMAN,INSTITUTO NACIONAL DE EDUCACION DIVERSIFICADA,AVENIDA PAVARROTTI FINAL,50181471.0,ABRAHAM ALBERTO COSIGUA MEJIA,EDGAR ROLANDO URIZAR LEC,DIVERSIFICADO,OFICIAL,URBANA,ABIERTA,MONOLINGUE,VESPERTINA,DIARIO(REGULAR),SOLOLA
07-13-0027-46,07-030,SOLOLA,SAN LUCAS TOLIMAN,CENTRO DE ESTUDIOS AVANZADOS,3AV. 5-75 ZONA 1 CALZADA LA PAZ,77220700.0,ABRAHAM ALBERTO COSIGUA MEJIA,---,DIVERSIFICADO,PRIVADO,URBANA,ABIERTA,MONOLINGUE,VESPERTINA,DIARIO(REGULAR),SOLOLA
07-13-0028-46,07-030,SOLOLA,SAN LUCAS TOLIMAN,CENTRO DE ESTUDIOS AVANZADOS,3AV. 5-75 ZONA 1 CALZADA LA PAZ,77220700.0,ABRAHAM ALBERTO COSIGUA MEJIA,---,DIVERSIFICADO,PRIVADO,URBANA,ABIERTA,MONOLINGUE,MATUTINA,DIARIO(REGULAR),SOLOLA
07-13-0029-46,07-030,SOLOLA,SAN LUCAS TOLIMAN,CENTRO DE ESTUDIOS AVANZADOS,3AV. 5-75 ZONA 1 CALZADA LA PAZ,77220700.0,ABRAHAM ALBERTO COSIGUA MEJIA,---,DIVERSIFICADO,PRIVADO,URBANA,ABIERTA,MONOLINGUE,DOBLE,FIN DE SEMANA,SOLOLA
07-13-0037-46,07-030,SOLOLA,SAN LUCAS TOLIMAN,CENTRO EDUCATIVO SANTO DOMINGO,5TA. CALLE 6-79 ZONA 1,77220266.0,ABRAHAM ALBERTO COSIGUA MEJIA,JORGE HUMBERTO VELIZ NAVICHOC,DIVERSIFICADO,PRIVADO,URBANA,ABIERTA,MONOLINGUE,NOCTURNA,DIARIO(REGULAR),SOLOLA
07-13-0038-46,07-030,SOLOLA,SAN LUCAS TOLIMAN,CENTRO EDUCATIVO SANTO DOMINGO,5TA. CALLE 6-79 ZONA 1,77220266.0,ABRAHAM ALBERTO COSIGUA MEJIA,JORGE HUMBERTO VELIZ NAVICHOC,DIVERSIFICADO,PRIVADO,URBANA,ABIERTA,MONOLINGUE,VESPERTINA,DIARIO(REGULAR),SOLOLA
07-13-0046-46,07-030,SOLOLA,SAN LUCAS TOLIMAN,INSTITUTO MIXTO DE EDUCACION DIVERSIFICADA POR COOPERATIVA,PARCELAMIENTO PAMPOJILA,58900781.0,ABRAHAM ALBERTO COSIGUA MEJIA,GERARDO MORALES CUJ,DIVERSIFICADO,COOPERATIVA,RURAL,ABIERTA,MONOLINGUE,VESPERTINA,DIARIO(REGULAR),SOLOLA
07-13-0331-46,07-030,SOLOLA,SAN LUCAS TOLIMAN,ESCUELA NACIONAL DE CIENCIAS COMERCIALES 'CARLOTA RAPHAEL DE DIAZ',5A. CALLE 5-65 ZONA 1,77220200.0,ABRAHAM ALBERTO COSIGUA MEJIA,JUAN AUSTREBERTO JUAREZ ORDONEZ,DIVERSIFICADO,OFICIAL,URBANA,ABIERTA,MONOLINGUE,VESPERTINA,DIARIO(REGULAR),SOLOLA
07-13-2708-46,07-030,SOLOLA,SAN LUCAS TOLIMAN,COLEGIO INTEGRAL TOLIMAN,7A. AVENIDA 1-58 ZONA 1,77930645.0,ABRAHAM ALBERTO COSIGUA MEJIA,CRUZ MENDOZA YAXON,DIVERSIFICADO,PRIVADO,URBANA,ABIERTA,BILINGUE,VESPERTINA,DIARIO(REGULAR),SOLOLA
07-13-2869-46,07-030,SOLOLA,SAN LUCAS TOLIMAN,CENTRO EDUCATIVO SANTO DOMINGO,5TA. CALLE 6-79 ZONA 1,77220266.0,ABRAHAM ALBERTO COSIGUA MEJIA,JORGE HUMBERTO VELIZ NAVICHOC,DIVERSIFICADO,PRIVADO,URBANA,ABIERTA,MONOLINGUE,DOBLE,FIN DE SEMANA,SOLOLA
07-15-0005-46,07-021,SOLOLA,SAN PABLO LA LAGUNA,INSTITUTO NACIONAL DE EDUCACION DIVERSIFICADA,2DA. AVENIDA 4-60 ZONA 2,35310445.0,ADA LORENA HERNANDEZ AGUILAR,---,DIVERSIFICADO,OFICIAL,URBANA,ABIERTA,MONOLINGUE,VESPERTINA,DIARIO(REGULAR),SOLOLA
07-15-0012-46,07-021,SOLOLA,SAN PABLO LA LAGUNA,CENTRO EDUCATIVO COMUNITARIO DE FORMACION INTEGRAL SAN PABLO,3RA AVENIDA 1-68 ZONA 1,52665797.0,ADA LORENA HERNANDEZ AGUILAR,IRTMA BEDALIA RATZAN QUIACAIN,DIVERSIFICADO,PRIVADO,URBANA,ABIERTA,MONOLINGUE,DOBLE,FIN DE SEMANA,SOLOLA
07-16-0004-46,07-021,SOLOLA,SAN MARCOS LA LAGUNA,"INSTITUTO TECNOLOGICO COMUNITARIO MARQUENSE ""ITCOM""",SAN MARCOS LA LAGUNA,57274128.0,ADA LORENA HERNANDEZ AGUILAR,VICTOR QUICHE AJCHE,DIVERSIFICADO,PRIVADO,URBANA,CERRADA TEMPORALMENTE,MONOLINGUE,VESPERTINA,DIARIO(REGULAR),SOLOLA
07-17-0012-46,07-028,SOLOLA,SAN JUAN LA LAGUNA,INSTITUTO NACIONAL DE EDUCACION DIVERSIFICADA,0 CALLE A CANTON XE KAQASIIWAAN ZONA 1,54120573.0,AMARILIS EVELYN SALANIC SAC,FRANCISCO JAVIER UJPAN HERNANDEZ,DIVERSIFICADO,OFICIAL,URBANA,ABIERTA,MONOLINGUE,MATUTINA,DIARIO(REGULAR),SOLOLA
07-17-0027-46,07-028,SOLOLA,SAN JUAN LA LAGUNA,LICEO SISTEMATICO INTEGRAL -LISI-,CANTON CHI NIMAYA,47363428.0,AMARILIS EVELYN SALANIC SAC,PEDRO SANTIAGO CUC CHOLOTIO,DIVERSIFICADO,PRIVADO,RURAL,ABIERTA,MONOLINGUE,MATUTINA,DIARIO(REGULAR),SOLOLA
07-17-0028-46,07-028,SOLOLA,SAN JUAN LA LAGUNA,INSTITUTO NACIONAL DE EDUCACION DIVERSIFICADA,0 CALLE A CANTON XE KAQASIIWAAN ZONA 1,54120573.0,AMARILIS EVELYN SALANIC SAC,FRANCISCO JAVIER UJPAN HERNANDEZ,DIVERSIFICADO,OFICIAL,URBANA,ABIERTA,MONOLINGUE,DOBLE,DIARIO(REGULAR),SOLOLA
07-17-2619-46,07-028,SOLOLA,SAN JUAN LA LAGUNA,"CENTRO EDUCATIVO INTEGRAL MAYA TZ'UTUJIL ""OSCAR AZMITIA""",CANTON PANOXTI,58324172.0,AMARILIS EVELYN SALANIC SAC,-,DIVERSIFICADO,PRIVADO,URBANA,ABIERTA,MONOLINGUE,VESPERTINA,DIARIO(REGULAR),SOLOLA
07-17-3023-46,07-013,SOLOLA,SAN JUAN LA LAGUNA,LICEO SISTEMATICO INTEGRAL LISI,COLONIA NUEVA ESPERANZA,58050639.0,MANUEL EDUARDO CHOLOTIO COCHE,LUCAS CHOLOTIO PEREZ,DIVERSIFICADO,PRIVADO,URBANA,CERRADA TEMPORALMENTE,MONOLINGUE,INTERMEDIA,DIARIO(REGULAR),SOLOLA
07-18-0008-46,07-013,SOLOLA,SAN PEDRO LA LAGUNA,INSTITUTO NACIONAL DE EDUCACION DIVERSIFICADA,4A. AVENIDA D 5-35 ZONA 2 CANTON CHUACANTE,54844813.0,MANUEL EDUARDO CHOLOTIO COCHE,JUAN NORBERTO GONZALEZ YOJCOM,DIVERSIFICADO,OFICIAL,URBANA,ABIERTA,MONOLINGUE,MATUTINA,DIARIO(REGULAR),SOLOLA
07-18-0017-46,07-013,SOLOLA,SAN PEDRO LA LAGUNA,COLEGIO EVANGELICO BILINGUE HOLANDES,SAN PEDRO LA LAGUNA,59601419.0,MANUEL EDUARDO CHOLOTIO COCHE,ERWIN DANIEL UJPAN UJPAN,DIVERSIFICADO,PRIVADO,URBANA,ABIERTA,MONOLINGUE,MATUTINA,DIARIO(REGULAR),SOLOLA
07-18-0019-46,07-013,SOLOLA,SAN PEDRO LA LAGUNA,"COLEGIO PRE-UNIVERSITARIO ""DANIEL CAMPA ROSALES""",2DA AVENIDA 1-52 ZONA 4,57171223.0,MANUEL EDUARDO CHOLOTIO COCHE,MIGUEL ANGEL SUNU CORTEZ,DIVERSIFICADO,PRIVADO,URBANA,CERRADA TEMPORALMENTE,MONOLINGUE,VESPERTINA,DIARIO(REGULAR),SOLOLA
07-18-0020-46,07-013,SOLOLA,SAN PEDRO LA LAGUNA,COLEGIO PRE- UNIVERSITARIO DANIEL CAMPA ROSALES,2DA. AVENIDA 1-52 ZONA 4,57171223.0,MANUEL EDUARDO CHOLOTIO COCHE,ANDRES MOISES CHIPIR POP,DIVERSIFICADO,PRIVADO,URBANA,CERRADA TEMPORALMENTE,MONOLINGUE,MATUTINA,DIARIO(REGULAR),SOLOLA
07-18-0022-46,07-013,SOLOLA,SAN PEDRO LA LAGUNA,COLEGIO DE FORMACION TECNOLOGICA,7A. AVENIDA 2-20 ZONA 2,77218193.0,MANUEL EDUARDO CHOLOTIO COCHE,ONELIA EVARISTA POP PEREZ,DIVERSIFICADO,PRIVADO,URBANA,ABIERTA,MONOLINGUE,MATUTINA,VIRTUAL A DISTANCIA,SOLOLA
07-18-0026-46,07-013,SOLOLA,SAN PEDRO LA LAGUNA,COLEGIO PRIVADO EVANGELICO BETHEL,"6A. AVENIDA ""A"" 4-44 ZONA 2",47402226.0,MANUEL EDUARDO CHOLOTIO COCHE,ESDRAS SAMUEL MEJIA QUEJU,DIVERSIFICADO,PRIVADO,URBANA,ABIERTA,MONOLINGUE,MATUTINA,DIARIO(REGULAR),SOLOLA
07-18-0027-46,07-013,SOLOLA,SAN PEDRO LA LAGUNA,COLEGIO PRIVADO EVANGELICO BETHEL,"6A. AVENIDA ""A"" 4-44, ZONA 2",47402226.0,MANUEL EDUARDO CHOLOTIO COCHE,ESDRAS SAMUEL MEJIA QUEJU,DIVERSIFICADO,PRIVADO,URBANA,ABIERTA,MONOLINGUE,DOBLE,DIARIO(REGULAR),SOLOLA
07-18-1992-46,07-013,SOLOLA,SAN PEDRO LA LAGUNA,CENTRO EDUCATIVO COMUNITARIO TZ'UTUJIL,6A. AVENIDA 6-39 ZONA 3 CANTON CHUASANAHI,42207299.0,MANUEL EDUARDO CHOLOTIO COCHE,,DIVERSIFICADO,PRIVADO,URBANA,ABIERTA,MONOLINGUE,VESPERTINA,DIARIO(REGULAR),SOLOLA
07-18-3112-46,07-013,SOLOLA,SAN PEDRO LA LAGUNA,INSTITUTO MIXTO DE EDUCACION BASICA Y DIVERSIFICADO POR COOPERATIVA LUISA Y BENJAMIN PAUL,"6A. AVENIDA 6-39 ZONA 3, CANTON CHUASANAHI",77218343.0,MANUEL EDUARDO CHOLOTIO COCHE,HUGO DIEGO TUCH PETZEY,DIVERSIFICADO,COOPERATIVA,URBANA,ABIERTA,MONOLINGUE,MATUTINA,DIARIO(REGULAR),SOLOLA
07-19-0019-46,07-015,SOLOLA,SANTIAGO ATITLAN,INSTITUTO NACIONAL DE EDUCACION DIVERSIFICADA,CANTON PANUL,77217729.0,JUAN POP CHAVAJAY,SANTIAGO SISAY SAPALU,DIVERSIFICADO,OFICIAL,URBANA,ABIERTA,MONOLINGUE,VESPERTINA,DIARIO(REGULAR),SOLOLA
07-19-0032-46,07-015,SOLOLA,SANTIAGO ATITLAN,"INSTITUTO DE EDUCACION DIVERSIFICADA POR COOPERATIVA ATITLAN ""CEDUCA""",CANTON XECHIVOY,77217024.0,JUAN POP CHAVAJAY,PEDRO MENDOZA IXBALAN,DIVERSIFICADO,COOPERATIVA,URBANA,ABIERTA,BILINGUE,VESPERTINA,DIARIO(REGULAR),SOLOLA
07-19-0034-46,07-015,SOLOLA,SANTIAGO ATITLAN,LICEO CRISTIANO ISRAELI,CANTON TZANJUYU,77217261.0,JUAN POP CHAVAJAY,PEDRO SOSOF QUIEJU,DIVERSIFICADO,PRIVADO,URBANA,ABIERTA,MONOLINGUE,VESPERTINA,DIARIO(REGULAR),SOLOLA
07-19-0035-46,07-015,SOLOLA,SANTIAGO ATITLAN,LICEO TECNOLOGICO BILINGUE,CANTON XECHIVOY,77217118.0,JUAN POP CHAVAJAY,ANA WALQUIRIA VILLAGRAN ORDONEZ,DIVERSIFICADO,PRIVADO,RURAL,CERRADA TEMPORALMENTE,MONOLINGUE,MATUTINA,DIARIO(REGULAR),SOLOLA
07-19-0036-46,07-015,SOLOLA,SANTIAGO ATITLAN,LICEO TECNOLOGICO BILINGUE,CANTON XECHIVOY,77217118.0,JUAN POP CHAVAJAY,GABRIEL FELIPE MENDEZ GUTIERREZ,DIVERSIFICADO,PRIVADO,URBANA,CERRADA TEMPORALMENTE,MONOLINGUE,VESPERTINA,DIARIO(REGULAR),SOLOLA
07-19-0051-46,07-015,SOLOLA,SANTIAGO ATITLAN,LICEO INTEGRAL SANTIAGUITO -LINSA-,CANTON PACHICHAJ,77217550.0,JUAN POP CHAVAJAY,GASPAR REANDA PABLO,DIVERSIFICADO,PRIVADO,URBANA,ABIERTA,MONOLINGUE,VESPERTINA,DIARIO(REGULAR),SOLOLA
07-19-0060-46,07-015,SOLOLA,SANTIAGO ATITLAN,INSTITUTO MIXTO DE EDUCACION DIVERSIFICADA POR COOPERATIVA,ALDEA CERRO DE ORO,49945006.0,JUAN POP CHAVAJAY,VICTOR BARAN GUOZ,DIVERSIFICADO,COOPERATIVA,RURAL,CERRADA TEMPORALMENTE,MONOLINGUE,VESPERTINA,DIARIO(REGULAR),SOLOLA
07-19-0065-46,07-015,SOLOLA,SANTIAGO ATITLAN,ESCUELA NORMAL BILINGUE INTERCULTURAL / KITIJOB'AL TIJOONELAA' TZ'UTUJILAA',COMUNIDAD CHUKMUK,58165683.0,JUAN POP CHAVAJAY,JOSE MIGUEL POP TZINA,DIVERSIFICADO,OFICIAL,RURAL,ABIERTA,MONOLINGUE,MATUTINA,DIARIO(REGULAR),SOLOLA
07-19-2765-46,07-015,SOLOLA,SANTIAGO ATITLAN,ESCUELA NORMAL BILINGUE INTERCULTURAL / KITIJOB'AL TIJOONELAA' TZ'UTUJILAA',COMUNIDAD DE CHUKMUK,58165683.0,JUAN POP CHAVAJAY,JOSE MIGUEL POP TZINA,DIVERSIFICADO,OFICIAL,RURAL,ABIERTA,BILINGUE,DOBLE,DIARIO(REGULAR),SOLOLA
